-- phpMyAdmin SQL Dump
-- version 4.8.3
-- https://www.phpmyadmin.net/
--
-- Host: 127.0.0.1
-- Waktu pembuatan: 17 Nov 2019 pada 23.28
-- Versi server: 10.1.37-MariaDB
-- Versi PHP: 7.2.12

SET SQL_MODE = "NO_AUTO_VALUE_ON_ZERO";
SET AUTOCOMMIT = 0;
START TRANSACTION;
SET time_zone = "+00:00";


/*!40101 SET @OLD_CHARACTER_SET_CLIENT=@@CHARACTER_SET_CLIENT */;
/*!40101 SET @OLD_CHARACTER_SET_RESULTS=@@CHARACTER_SET_RESULTS */;
/*!40101 SET @OLD_COLLATION_CONNECTION=@@COLLATION_CONNECTION */;
/*!40101 SET NAMES utf8mb4 */;

--
-- Database: `proyek-fix`
--

-- --------------------------------------------------------

--
-- Struktur dari tabel `absen`
--

CREATE TABLE `absen` (
  `id_absen` varchar(100) NOT NULL,
  `tanggal_absen` date NOT NULL,
  `jam_absen` time NOT NULL
) ENGINE=InnoDB DEFAULT CHARSET=latin1;

--
-- Dumping data untuk tabel `absen`
--

INSERT INTO `absen` (`id_absen`, `tanggal_absen`, `jam_absen`) VALUES
('2019APBO01L40301', '2019-11-13', '13:07:44'),
('2019APBO01L40302', '2019-11-13', '14:45:46'),
('2019APBO01L40303', '2019-11-17', '21:09:24'),
('2019APBO01L40304', '2019-11-17', '21:11:40'),
('2019APBO01L40305', '2019-11-17', '21:14:42'),
('2019APBO01L40306', '2019-11-17', '21:23:39'),
('2019APBO01L40307', '2019-11-17', '21:36:19'),
('2019APBO01L40308', '2019-11-17', '21:37:36'),
('2019APBO01L40309', '2019-11-18', '03:38:55'),
('2019APBO01L40310', '2019-11-18', '03:42:41'),
('2019APBO01L40311', '2019-11-18', '03:58:34'),
('2019APBO01L40312', '2019-11-18', '06:06:49'),
('2019APBO01L40313', '2019-11-18', '06:09:43'),
('2019APBO01L40314', '2019-11-18', '06:13:56'),
('2019APBO01L40315', '2019-11-18', '06:24:57'),
('2019APBO01L40316', '0000-00-00', '00:00:00');

-- --------------------------------------------------------

--
-- Struktur dari tabel `absen_detail`
--

CREATE TABLE `absen_detail` (
  `id_absen` varchar(100) NOT NULL,
  `nim_mhs` bigint(20) NOT NULL,
  `tanggal_absen` date NOT NULL,
  `jam_absen` time NOT NULL,
  `ket` varchar(10) NOT NULL,
  `id_komputer` varchar(10) NOT NULL
) ENGINE=InnoDB DEFAULT CHARSET=latin1;

--
-- Dumping data untuk tabel `absen_detail`
--

INSERT INTO `absen_detail` (`id_absen`, `nim_mhs`, `tanggal_absen`, `jam_absen`, `ket`, `id_komputer`) VALUES
('2019APBO01L40301', 60200118001, '2019-11-18', '03:41:17', 'Hadir', 'null'),
('2019APBO01L40302', 60200118001, '0000-00-00', '00:00:00', '', ''),
('2019APBO01L40303', 60200118001, '0000-00-00', '00:00:00', '', ''),
('2019APBO01L40304', 60200118001, '0000-00-00', '00:00:00', '', ''),
('2019APBO01L40305', 60200118001, '0000-00-00', '00:00:00', '', ''),
('2019APBO01L40306', 60200118001, '0000-00-00', '00:00:00', '', ''),
('2019APBO01L40307', 60200118001, '0000-00-00', '00:00:00', '', ''),
('2019APBO01L40308', 60200118001, '0000-00-00', '00:00:00', '', ''),
('2019APBO01L40309', 60200118001, '2019-11-18', '03:44:03', 'Hadir', 'null'),
('2019APBO01L40310', 60200118001, '2019-11-18', '03:42:15', 'Alfa', 'null'),
('2019APBO01L40311', 60200118001, '2019-11-18', '03:59:17', 'Hadir', 'null'),
('2019APBO01L40312', 60200118001, '2019-11-18', '06:07:21', 'Hadir', 'null'),
('2019APBO01L40313', 60200118001, '2019-11-18', '06:10:08', 'Hadir', 'null'),
('2019APBO01L40314', 60200118001, '2019-11-18', '06:14:20', 'Hadir', 'null'),
('2019APBO01L40315', 60200118001, '2019-11-18', '06:25:24', 'Hadir', 'null'),
('2019APBO01L40316', 60200118001, '0000-00-00', '00:00:00', '', ''),
('2019APBO01L40301', 60200118002, '2019-11-13', '14:16:41', '', ''),
('2019APBO01L40302', 60200118002, '0000-00-00', '00:00:00', '', ''),
('2019APBO01L40303', 60200118002, '0000-00-00', '00:00:00', '', ''),
('2019APBO01L40304', 60200118002, '0000-00-00', '00:00:00', '', ''),
('2019APBO01L40305', 60200118002, '0000-00-00', '00:00:00', '', ''),
('2019APBO01L40306', 60200118002, '0000-00-00', '00:00:00', '', ''),
('2019APBO01L40307', 60200118002, '0000-00-00', '00:00:00', '', ''),
('2019APBO01L40308', 60200118002, '0000-00-00', '00:00:00', '', ''),
('2019APBO01L40309', 60200118002, '0000-00-00', '00:00:00', '', ''),
('2019APBO01L40310', 60200118002, '0000-00-00', '00:00:00', '', ''),
('2019APBO01L40311', 60200118002, '0000-00-00', '00:00:00', '', ''),
('2019APBO01L40312', 60200118002, '0000-00-00', '00:00:00', '', ''),
('2019APBO01L40313', 60200118002, '0000-00-00', '00:00:00', '', ''),
('2019APBO01L40314', 60200118002, '0000-00-00', '00:00:00', '', ''),
('2019APBO01L40315', 60200118002, '0000-00-00', '00:00:00', '', ''),
('2019APBO01L40316', 60200118002, '0000-00-00', '00:00:00', '', ''),
('2019APBO01L40301', 60200118003, '2019-11-13', '14:16:41', '', ''),
('2019APBO01L40302', 60200118003, '0000-00-00', '00:00:00', '', ''),
('2019APBO01L40303', 60200118003, '0000-00-00', '00:00:00', '', ''),
('2019APBO01L40304', 60200118003, '0000-00-00', '00:00:00', '', ''),
('2019APBO01L40305', 60200118003, '0000-00-00', '00:00:00', '', ''),
('2019APBO01L40306', 60200118003, '0000-00-00', '00:00:00', '', ''),
('2019APBO01L40307', 60200118003, '0000-00-00', '00:00:00', '', ''),
('2019APBO01L40308', 60200118003, '0000-00-00', '00:00:00', '', ''),
('2019APBO01L40309', 60200118003, '0000-00-00', '00:00:00', '', ''),
('2019APBO01L40310', 60200118003, '0000-00-00', '00:00:00', '', ''),
('2019APBO01L40311', 60200118003, '0000-00-00', '00:00:00', '', ''),
('2019APBO01L40312', 60200118003, '0000-00-00', '00:00:00', '', ''),
('2019APBO01L40313', 60200118003, '0000-00-00', '00:00:00', '', ''),
('2019APBO01L40314', 60200118003, '0000-00-00', '00:00:00', '', ''),
('2019APBO01L40315', 60200118003, '0000-00-00', '00:00:00', '', ''),
('2019APBO01L40316', 60200118003, '0000-00-00', '00:00:00', '', ''),
('2019APBO01L40301', 60200118004, '2019-11-13', '14:16:41', '', ''),
('2019APBO01L40302', 60200118004, '0000-00-00', '00:00:00', '', ''),
('2019APBO01L40303', 60200118004, '0000-00-00', '00:00:00', '', ''),
('2019APBO01L40304', 60200118004, '0000-00-00', '00:00:00', '', ''),
('2019APBO01L40305', 60200118004, '0000-00-00', '00:00:00', '', ''),
('2019APBO01L40306', 60200118004, '0000-00-00', '00:00:00', '', ''),
('2019APBO01L40307', 60200118004, '0000-00-00', '00:00:00', '', ''),
('2019APBO01L40308', 60200118004, '0000-00-00', '00:00:00', '', ''),
('2019APBO01L40309', 60200118004, '0000-00-00', '00:00:00', '', ''),
('2019APBO01L40310', 60200118004, '0000-00-00', '00:00:00', '', ''),
('2019APBO01L40311', 60200118004, '0000-00-00', '00:00:00', '', ''),
('2019APBO01L40312', 60200118004, '0000-00-00', '00:00:00', '', ''),
('2019APBO01L40313', 60200118004, '0000-00-00', '00:00:00', '', ''),
('2019APBO01L40314', 60200118004, '0000-00-00', '00:00:00', '', ''),
('2019APBO01L40315', 60200118004, '0000-00-00', '00:00:00', '', ''),
('2019APBO01L40316', 60200118004, '0000-00-00', '00:00:00', '', ''),
('2019APBO01L40301', 60200118005, '2019-11-13', '14:16:41', '', ''),
('2019APBO01L40302', 60200118005, '0000-00-00', '00:00:00', '', ''),
('2019APBO01L40303', 60200118005, '0000-00-00', '00:00:00', '', ''),
('2019APBO01L40304', 60200118005, '0000-00-00', '00:00:00', '', ''),
('2019APBO01L40305', 60200118005, '0000-00-00', '00:00:00', '', ''),
('2019APBO01L40306', 60200118005, '0000-00-00', '00:00:00', '', ''),
('2019APBO01L40307', 60200118005, '0000-00-00', '00:00:00', '', ''),
('2019APBO01L40308', 60200118005, '0000-00-00', '00:00:00', '', ''),
('2019APBO01L40309', 60200118005, '0000-00-00', '00:00:00', '', ''),
('2019APBO01L40310', 60200118005, '0000-00-00', '00:00:00', '', ''),
('2019APBO01L40311', 60200118005, '0000-00-00', '00:00:00', '', ''),
('2019APBO01L40312', 60200118005, '0000-00-00', '00:00:00', '', ''),
('2019APBO01L40313', 60200118005, '0000-00-00', '00:00:00', '', ''),
('2019APBO01L40314', 60200118005, '0000-00-00', '00:00:00', '', ''),
('2019APBO01L40315', 60200118005, '0000-00-00', '00:00:00', '', ''),
('2019APBO01L40316', 60200118005, '0000-00-00', '00:00:00', '', ''),
('2019APBO01L40301', 60200118006, '2019-11-13', '14:16:41', '', ''),
('2019APBO01L40302', 60200118006, '0000-00-00', '00:00:00', '', ''),
('2019APBO01L40303', 60200118006, '0000-00-00', '00:00:00', '', ''),
('2019APBO01L40304', 60200118006, '0000-00-00', '00:00:00', '', ''),
('2019APBO01L40305', 60200118006, '0000-00-00', '00:00:00', '', ''),
('2019APBO01L40306', 60200118006, '0000-00-00', '00:00:00', '', ''),
('2019APBO01L40307', 60200118006, '0000-00-00', '00:00:00', '', ''),
('2019APBO01L40308', 60200118006, '0000-00-00', '00:00:00', '', ''),
('2019APBO01L40309', 60200118006, '0000-00-00', '00:00:00', '', ''),
('2019APBO01L40310', 60200118006, '0000-00-00', '00:00:00', '', ''),
('2019APBO01L40311', 60200118006, '0000-00-00', '00:00:00', '', ''),
('2019APBO01L40312', 60200118006, '0000-00-00', '00:00:00', '', ''),
('2019APBO01L40313', 60200118006, '0000-00-00', '00:00:00', '', ''),
('2019APBO01L40314', 60200118006, '0000-00-00', '00:00:00', '', ''),
('2019APBO01L40315', 60200118006, '0000-00-00', '00:00:00', '', ''),
('2019APBO01L40316', 60200118006, '0000-00-00', '00:00:00', '', ''),
('2019APBO01L40301', 60200118007, '2019-11-13', '14:16:41', '', ''),
('2019APBO01L40302', 60200118007, '0000-00-00', '00:00:00', '', ''),
('2019APBO01L40303', 60200118007, '0000-00-00', '00:00:00', '', ''),
('2019APBO01L40304', 60200118007, '0000-00-00', '00:00:00', '', ''),
('2019APBO01L40305', 60200118007, '0000-00-00', '00:00:00', '', ''),
('2019APBO01L40306', 60200118007, '0000-00-00', '00:00:00', '', ''),
('2019APBO01L40307', 60200118007, '0000-00-00', '00:00:00', '', ''),
('2019APBO01L40308', 60200118007, '0000-00-00', '00:00:00', '', ''),
('2019APBO01L40309', 60200118007, '0000-00-00', '00:00:00', '', ''),
('2019APBO01L40310', 60200118007, '0000-00-00', '00:00:00', '', ''),
('2019APBO01L40311', 60200118007, '0000-00-00', '00:00:00', '', ''),
('2019APBO01L40312', 60200118007, '0000-00-00', '00:00:00', '', ''),
('2019APBO01L40313', 60200118007, '0000-00-00', '00:00:00', '', ''),
('2019APBO01L40314', 60200118007, '0000-00-00', '00:00:00', '', ''),
('2019APBO01L40315', 60200118007, '0000-00-00', '00:00:00', '', ''),
('2019APBO01L40316', 60200118007, '0000-00-00', '00:00:00', '', ''),
('2019APBO01L40301', 60200118008, '2019-11-13', '14:16:41', '', ''),
('2019APBO01L40302', 60200118008, '0000-00-00', '00:00:00', '', ''),
('2019APBO01L40303', 60200118008, '0000-00-00', '00:00:00', '', ''),
('2019APBO01L40304', 60200118008, '0000-00-00', '00:00:00', '', ''),
('2019APBO01L40305', 60200118008, '0000-00-00', '00:00:00', '', ''),
('2019APBO01L40306', 60200118008, '0000-00-00', '00:00:00', '', ''),
('2019APBO01L40307', 60200118008, '0000-00-00', '00:00:00', '', ''),
('2019APBO01L40308', 60200118008, '0000-00-00', '00:00:00', '', ''),
('2019APBO01L40309', 60200118008, '0000-00-00', '00:00:00', '', ''),
('2019APBO01L40310', 60200118008, '0000-00-00', '00:00:00', '', ''),
('2019APBO01L40311', 60200118008, '0000-00-00', '00:00:00', '', ''),
('2019APBO01L40312', 60200118008, '0000-00-00', '00:00:00', '', ''),
('2019APBO01L40313', 60200118008, '0000-00-00', '00:00:00', '', ''),
('2019APBO01L40314', 60200118008, '0000-00-00', '00:00:00', '', ''),
('2019APBO01L40315', 60200118008, '0000-00-00', '00:00:00', '', ''),
('2019APBO01L40316', 60200118008, '0000-00-00', '00:00:00', '', ''),
('2019APBO01L40301', 60200118009, '2019-11-13', '14:16:41', '', ''),
('2019APBO01L40302', 60200118009, '0000-00-00', '00:00:00', '', ''),
('2019APBO01L40303', 60200118009, '0000-00-00', '00:00:00', '', ''),
('2019APBO01L40304', 60200118009, '0000-00-00', '00:00:00', '', ''),
('2019APBO01L40305', 60200118009, '0000-00-00', '00:00:00', '', ''),
('2019APBO01L40306', 60200118009, '0000-00-00', '00:00:00', '', ''),
('2019APBO01L40307', 60200118009, '0000-00-00', '00:00:00', '', ''),
('2019APBO01L40308', 60200118009, '0000-00-00', '00:00:00', '', ''),
('2019APBO01L40309', 60200118009, '0000-00-00', '00:00:00', '', ''),
('2019APBO01L40310', 60200118009, '0000-00-00', '00:00:00', '', ''),
('2019APBO01L40311', 60200118009, '0000-00-00', '00:00:00', '', ''),
('2019APBO01L40312', 60200118009, '0000-00-00', '00:00:00', '', ''),
('2019APBO01L40313', 60200118009, '0000-00-00', '00:00:00', '', ''),
('2019APBO01L40314', 60200118009, '0000-00-00', '00:00:00', '', ''),
('2019APBO01L40315', 60200118009, '0000-00-00', '00:00:00', '', ''),
('2019APBO01L40316', 60200118009, '0000-00-00', '00:00:00', '', ''),
('2019APBO01L40301', 60200118010, '2019-11-13', '14:16:41', '', ''),
('2019APBO01L40302', 60200118010, '0000-00-00', '00:00:00', '', ''),
('2019APBO01L40303', 60200118010, '0000-00-00', '00:00:00', '', ''),
('2019APBO01L40304', 60200118010, '0000-00-00', '00:00:00', '', ''),
('2019APBO01L40305', 60200118010, '0000-00-00', '00:00:00', '', ''),
('2019APBO01L40306', 60200118010, '0000-00-00', '00:00:00', '', ''),
('2019APBO01L40307', 60200118010, '0000-00-00', '00:00:00', '', ''),
('2019APBO01L40308', 60200118010, '0000-00-00', '00:00:00', '', ''),
('2019APBO01L40309', 60200118010, '0000-00-00', '00:00:00', '', ''),
('2019APBO01L40310', 60200118010, '0000-00-00', '00:00:00', '', ''),
('2019APBO01L40311', 60200118010, '0000-00-00', '00:00:00', '', ''),
('2019APBO01L40312', 60200118010, '0000-00-00', '00:00:00', '', ''),
('2019APBO01L40313', 60200118010, '0000-00-00', '00:00:00', '', ''),
('2019APBO01L40314', 60200118010, '0000-00-00', '00:00:00', '', ''),
('2019APBO01L40315', 60200118010, '0000-00-00', '00:00:00', '', ''),
('2019APBO01L40316', 60200118010, '0000-00-00', '00:00:00', '', ''),
('2019APBO01L40301', 60200118011, '2019-11-13', '14:16:41', '', ''),
('2019APBO01L40302', 60200118011, '0000-00-00', '00:00:00', '', ''),
('2019APBO01L40303', 60200118011, '0000-00-00', '00:00:00', '', ''),
('2019APBO01L40304', 60200118011, '0000-00-00', '00:00:00', '', ''),
('2019APBO01L40305', 60200118011, '0000-00-00', '00:00:00', '', ''),
('2019APBO01L40306', 60200118011, '0000-00-00', '00:00:00', '', ''),
('2019APBO01L40307', 60200118011, '0000-00-00', '00:00:00', '', ''),
('2019APBO01L40308', 60200118011, '0000-00-00', '00:00:00', '', ''),
('2019APBO01L40309', 60200118011, '0000-00-00', '00:00:00', '', ''),
('2019APBO01L40310', 60200118011, '0000-00-00', '00:00:00', '', ''),
('2019APBO01L40311', 60200118011, '0000-00-00', '00:00:00', '', ''),
('2019APBO01L40312', 60200118011, '0000-00-00', '00:00:00', '', ''),
('2019APBO01L40313', 60200118011, '0000-00-00', '00:00:00', '', ''),
('2019APBO01L40314', 60200118011, '0000-00-00', '00:00:00', '', ''),
('2019APBO01L40315', 60200118011, '0000-00-00', '00:00:00', '', ''),
('2019APBO01L40316', 60200118011, '0000-00-00', '00:00:00', '', ''),
('2019APBO01L40301', 60200118012, '2019-11-13', '14:16:41', '', ''),
('2019APBO01L40302', 60200118012, '0000-00-00', '00:00:00', '', ''),
('2019APBO01L40303', 60200118012, '0000-00-00', '00:00:00', '', ''),
('2019APBO01L40304', 60200118012, '0000-00-00', '00:00:00', '', ''),
('2019APBO01L40305', 60200118012, '0000-00-00', '00:00:00', '', ''),
('2019APBO01L40306', 60200118012, '0000-00-00', '00:00:00', '', ''),
('2019APBO01L40307', 60200118012, '0000-00-00', '00:00:00', '', ''),
('2019APBO01L40308', 60200118012, '0000-00-00', '00:00:00', '', ''),
('2019APBO01L40309', 60200118012, '0000-00-00', '00:00:00', '', ''),
('2019APBO01L40310', 60200118012, '0000-00-00', '00:00:00', '', ''),
('2019APBO01L40311', 60200118012, '0000-00-00', '00:00:00', '', ''),
('2019APBO01L40312', 60200118012, '0000-00-00', '00:00:00', '', ''),
('2019APBO01L40313', 60200118012, '0000-00-00', '00:00:00', '', ''),
('2019APBO01L40314', 60200118012, '0000-00-00', '00:00:00', '', ''),
('2019APBO01L40315', 60200118012, '0000-00-00', '00:00:00', '', ''),
('2019APBO01L40316', 60200118012, '0000-00-00', '00:00:00', '', ''),
('2019APBO01L40301', 60200118013, '2019-11-13', '14:16:41', '', ''),
('2019APBO01L40302', 60200118013, '0000-00-00', '00:00:00', '', ''),
('2019APBO01L40303', 60200118013, '0000-00-00', '00:00:00', '', ''),
('2019APBO01L40304', 60200118013, '0000-00-00', '00:00:00', '', ''),
('2019APBO01L40305', 60200118013, '0000-00-00', '00:00:00', '', ''),
('2019APBO01L40306', 60200118013, '0000-00-00', '00:00:00', '', ''),
('2019APBO01L40307', 60200118013, '0000-00-00', '00:00:00', '', ''),
('2019APBO01L40308', 60200118013, '0000-00-00', '00:00:00', '', ''),
('2019APBO01L40309', 60200118013, '0000-00-00', '00:00:00', '', ''),
('2019APBO01L40310', 60200118013, '0000-00-00', '00:00:00', '', ''),
('2019APBO01L40311', 60200118013, '0000-00-00', '00:00:00', '', ''),
('2019APBO01L40312', 60200118013, '0000-00-00', '00:00:00', '', ''),
('2019APBO01L40313', 60200118013, '0000-00-00', '00:00:00', '', ''),
('2019APBO01L40314', 60200118013, '0000-00-00', '00:00:00', '', ''),
('2019APBO01L40315', 60200118013, '0000-00-00', '00:00:00', '', ''),
('2019APBO01L40316', 60200118013, '0000-00-00', '00:00:00', '', ''),
('2019APBO01L40301', 60200118014, '2019-11-13', '14:16:41', '', ''),
('2019APBO01L40302', 60200118014, '0000-00-00', '00:00:00', '', ''),
('2019APBO01L40303', 60200118014, '0000-00-00', '00:00:00', '', ''),
('2019APBO01L40304', 60200118014, '0000-00-00', '00:00:00', '', ''),
('2019APBO01L40305', 60200118014, '0000-00-00', '00:00:00', '', ''),
('2019APBO01L40306', 60200118014, '0000-00-00', '00:00:00', '', ''),
('2019APBO01L40307', 60200118014, '0000-00-00', '00:00:00', '', ''),
('2019APBO01L40308', 60200118014, '0000-00-00', '00:00:00', '', ''),
('2019APBO01L40309', 60200118014, '0000-00-00', '00:00:00', '', ''),
('2019APBO01L40310', 60200118014, '0000-00-00', '00:00:00', '', ''),
('2019APBO01L40311', 60200118014, '0000-00-00', '00:00:00', '', ''),
('2019APBO01L40312', 60200118014, '0000-00-00', '00:00:00', '', ''),
('2019APBO01L40313', 60200118014, '0000-00-00', '00:00:00', '', ''),
('2019APBO01L40314', 60200118014, '0000-00-00', '00:00:00', '', ''),
('2019APBO01L40315', 60200118014, '0000-00-00', '00:00:00', '', ''),
('2019APBO01L40316', 60200118014, '0000-00-00', '00:00:00', '', ''),
('2019APBO01L40301', 60200118015, '2019-11-13', '14:16:41', '', ''),
('2019APBO01L40302', 60200118015, '0000-00-00', '00:00:00', '', ''),
('2019APBO01L40303', 60200118015, '0000-00-00', '00:00:00', '', ''),
('2019APBO01L40304', 60200118015, '0000-00-00', '00:00:00', '', ''),
('2019APBO01L40305', 60200118015, '0000-00-00', '00:00:00', '', ''),
('2019APBO01L40306', 60200118015, '0000-00-00', '00:00:00', '', ''),
('2019APBO01L40307', 60200118015, '0000-00-00', '00:00:00', '', ''),
('2019APBO01L40308', 60200118015, '0000-00-00', '00:00:00', '', ''),
('2019APBO01L40309', 60200118015, '0000-00-00', '00:00:00', '', ''),
('2019APBO01L40310', 60200118015, '0000-00-00', '00:00:00', '', ''),
('2019APBO01L40311', 60200118015, '0000-00-00', '00:00:00', '', ''),
('2019APBO01L40312', 60200118015, '0000-00-00', '00:00:00', '', ''),
('2019APBO01L40313', 60200118015, '0000-00-00', '00:00:00', '', ''),
('2019APBO01L40314', 60200118015, '0000-00-00', '00:00:00', '', ''),
('2019APBO01L40315', 60200118015, '0000-00-00', '00:00:00', '', ''),
('2019APBO01L40316', 60200118015, '0000-00-00', '00:00:00', '', ''),
('2019APBO01L40301', 60200118016, '2019-11-13', '14:16:41', '', ''),
('2019APBO01L40302', 60200118016, '0000-00-00', '00:00:00', '', ''),
('2019APBO01L40303', 60200118016, '0000-00-00', '00:00:00', '', ''),
('2019APBO01L40304', 60200118016, '0000-00-00', '00:00:00', '', ''),
('2019APBO01L40305', 60200118016, '0000-00-00', '00:00:00', '', ''),
('2019APBO01L40306', 60200118016, '0000-00-00', '00:00:00', '', ''),
('2019APBO01L40307', 60200118016, '0000-00-00', '00:00:00', '', ''),
('2019APBO01L40308', 60200118016, '0000-00-00', '00:00:00', '', ''),
('2019APBO01L40309', 60200118016, '0000-00-00', '00:00:00', '', ''),
('2019APBO01L40310', 60200118016, '0000-00-00', '00:00:00', '', ''),
('2019APBO01L40311', 60200118016, '0000-00-00', '00:00:00', '', ''),
('2019APBO01L40312', 60200118016, '0000-00-00', '00:00:00', '', ''),
('2019APBO01L40313', 60200118016, '0000-00-00', '00:00:00', '', ''),
('2019APBO01L40314', 60200118016, '0000-00-00', '00:00:00', '', ''),
('2019APBO01L40315', 60200118016, '0000-00-00', '00:00:00', '', ''),
('2019APBO01L40316', 60200118016, '0000-00-00', '00:00:00', '', ''),
('2019APBO01L40301', 60200118017, '2019-11-13', '14:16:41', '', ''),
('2019APBO01L40302', 60200118017, '0000-00-00', '00:00:00', '', ''),
('2019APBO01L40303', 60200118017, '0000-00-00', '00:00:00', '', ''),
('2019APBO01L40304', 60200118017, '0000-00-00', '00:00:00', '', ''),
('2019APBO01L40305', 60200118017, '0000-00-00', '00:00:00', '', ''),
('2019APBO01L40306', 60200118017, '0000-00-00', '00:00:00', '', ''),
('2019APBO01L40307', 60200118017, '0000-00-00', '00:00:00', '', ''),
('2019APBO01L40308', 60200118017, '0000-00-00', '00:00:00', '', ''),
('2019APBO01L40309', 60200118017, '0000-00-00', '00:00:00', '', ''),
('2019APBO01L40310', 60200118017, '0000-00-00', '00:00:00', '', ''),
('2019APBO01L40311', 60200118017, '0000-00-00', '00:00:00', '', ''),
('2019APBO01L40312', 60200118017, '0000-00-00', '00:00:00', '', ''),
('2019APBO01L40313', 60200118017, '0000-00-00', '00:00:00', '', ''),
('2019APBO01L40314', 60200118017, '0000-00-00', '00:00:00', '', ''),
('2019APBO01L40315', 60200118017, '0000-00-00', '00:00:00', '', ''),
('2019APBO01L40316', 60200118017, '0000-00-00', '00:00:00', '', ''),
('2019APBO01L40301', 60200118018, '2019-11-13', '14:16:41', '', ''),
('2019APBO01L40302', 60200118018, '0000-00-00', '00:00:00', '', ''),
('2019APBO01L40303', 60200118018, '0000-00-00', '00:00:00', '', ''),
('2019APBO01L40304', 60200118018, '0000-00-00', '00:00:00', '', ''),
('2019APBO01L40305', 60200118018, '0000-00-00', '00:00:00', '', ''),
('2019APBO01L40306', 60200118018, '0000-00-00', '00:00:00', '', ''),
('2019APBO01L40307', 60200118018, '0000-00-00', '00:00:00', '', ''),
('2019APBO01L40308', 60200118018, '0000-00-00', '00:00:00', '', ''),
('2019APBO01L40309', 60200118018, '0000-00-00', '00:00:00', '', ''),
('2019APBO01L40310', 60200118018, '0000-00-00', '00:00:00', '', ''),
('2019APBO01L40311', 60200118018, '0000-00-00', '00:00:00', '', ''),
('2019APBO01L40312', 60200118018, '0000-00-00', '00:00:00', '', ''),
('2019APBO01L40313', 60200118018, '0000-00-00', '00:00:00', '', ''),
('2019APBO01L40314', 60200118018, '0000-00-00', '00:00:00', '', ''),
('2019APBO01L40315', 60200118018, '0000-00-00', '00:00:00', '', ''),
('2019APBO01L40316', 60200118018, '0000-00-00', '00:00:00', '', ''),
('2019APBO01L40301', 60200118019, '2019-11-13', '14:16:41', '', ''),
('2019APBO01L40302', 60200118019, '0000-00-00', '00:00:00', '', ''),
('2019APBO01L40303', 60200118019, '0000-00-00', '00:00:00', '', ''),
('2019APBO01L40304', 60200118019, '0000-00-00', '00:00:00', '', ''),
('2019APBO01L40305', 60200118019, '0000-00-00', '00:00:00', '', ''),
('2019APBO01L40306', 60200118019, '0000-00-00', '00:00:00', '', ''),
('2019APBO01L40307', 60200118019, '0000-00-00', '00:00:00', '', ''),
('2019APBO01L40308', 60200118019, '0000-00-00', '00:00:00', '', ''),
('2019APBO01L40309', 60200118019, '0000-00-00', '00:00:00', '', ''),
('2019APBO01L40310', 60200118019, '0000-00-00', '00:00:00', '', ''),
('2019APBO01L40311', 60200118019, '0000-00-00', '00:00:00', '', ''),
('2019APBO01L40312', 60200118019, '0000-00-00', '00:00:00', '', ''),
('2019APBO01L40313', 60200118019, '0000-00-00', '00:00:00', '', ''),
('2019APBO01L40314', 60200118019, '0000-00-00', '00:00:00', '', ''),
('2019APBO01L40315', 60200118019, '0000-00-00', '00:00:00', '', ''),
('2019APBO01L40316', 60200118019, '0000-00-00', '00:00:00', '', ''),
('2019APBO01L40301', 60200118020, '2019-11-13', '14:16:41', '', ''),
('2019APBO01L40302', 60200118020, '0000-00-00', '00:00:00', '', ''),
('2019APBO01L40303', 60200118020, '0000-00-00', '00:00:00', '', ''),
('2019APBO01L40304', 60200118020, '0000-00-00', '00:00:00', '', ''),
('2019APBO01L40305', 60200118020, '0000-00-00', '00:00:00', '', ''),
('2019APBO01L40306', 60200118020, '0000-00-00', '00:00:00', '', ''),
('2019APBO01L40307', 60200118020, '0000-00-00', '00:00:00', '', ''),
('2019APBO01L40308', 60200118020, '0000-00-00', '00:00:00', '', ''),
('2019APBO01L40309', 60200118020, '0000-00-00', '00:00:00', '', ''),
('2019APBO01L40310', 60200118020, '0000-00-00', '00:00:00', '', ''),
('2019APBO01L40311', 60200118020, '0000-00-00', '00:00:00', '', ''),
('2019APBO01L40312', 60200118020, '0000-00-00', '00:00:00', '', ''),
('2019APBO01L40313', 60200118020, '0000-00-00', '00:00:00', '', ''),
('2019APBO01L40314', 60200118020, '0000-00-00', '00:00:00', '', ''),
('2019APBO01L40315', 60200118020, '0000-00-00', '00:00:00', '', ''),
('2019APBO01L40316', 60200118020, '0000-00-00', '00:00:00', '', '');

-- --------------------------------------------------------

--
-- Struktur dari tabel `absen_mhs`
--

CREATE TABLE `absen_mhs` (
  `nim_mhs` bigint(20) NOT NULL
) ENGINE=InnoDB DEFAULT CHARSET=latin1;

-- --------------------------------------------------------

--
-- Struktur dari tabel `akses_db`
--

CREATE TABLE `akses_db` (
  `akses_mhs` text NOT NULL
) ENGINE=InnoDB DEFAULT CHARSET=latin1;

--
-- Dumping data untuk tabel `akses_db`
--

INSERT INTO `akses_db` (`akses_mhs`) VALUES
('online'),
('online');

-- --------------------------------------------------------

--
-- Struktur dari tabel `data_mhs`
--

CREATE TABLE `data_mhs` (
  `no_mhs` int(11) NOT NULL,
  `nim_mhs` bigint(20) NOT NULL,
  `nama_mhs` text NOT NULL
) ENGINE=InnoDB DEFAULT CHARSET=latin1;

--
-- Dumping data untuk tabel `data_mhs`
--

INSERT INTO `data_mhs` (`no_mhs`, `nim_mhs`, `nama_mhs`) VALUES
(1, 60900118001, 'LAKSMITA INDRA DEWY'),
(2, 60900118002, 'FITRAH'),
(3, 60900118004, 'RINDI ANTIKA'),
(1, 60900118001, 'LAKSMITA INDRA DEWY'),
(2, 60900118002, 'FITRAH'),
(3, 60900118004, 'RINDI ANTIKA');

-- --------------------------------------------------------

--
-- Struktur dari tabel `matkul`
--

CREATE TABLE `matkul` (
  `id_matkul` varchar(5) NOT NULL,
  `nama_matkul` varchar(100) NOT NULL,
  `ruang_matkul` varchar(10) NOT NULL,
  `nim_mhs` bigint(20) NOT NULL,
  `nama_mhs` text NOT NULL,
  `nim_asdos` bigint(20) NOT NULL,
  `nama_asdos` text NOT NULL,
  `kelas_matkul` varchar(5) NOT NULL,
  `tahun_matkul` int(11) NOT NULL
) ENGINE=InnoDB DEFAULT CHARSET=latin1;

--
-- Dumping data untuk tabel `matkul`
--

INSERT INTO `matkul` (`id_matkul`, `nama_matkul`, `ruang_matkul`, `nim_mhs`, `nama_mhs`, `nim_asdos`, `nama_asdos`, `kelas_matkul`, `tahun_matkul`) VALUES
('PBO_A', 'PBO', 'L-405', 60200118001, 'LAKSMITA INDRA DEWY', 60200117001, 'BUNG', 'A', 2019),
('PBO_A', 'PBO', 'L-405', 60200118002, 'FITRAH', 60200117002, 'SUARMIN', 'A', 2019);

-- --------------------------------------------------------

--
-- Struktur dari tabel `matkul_jarkom`
--

CREATE TABLE `matkul_jarkom` (
  `no` int(11) NOT NULL,
  `nim_mhs` bigint(20) NOT NULL,
  `nama_mhs` text NOT NULL,
  `kelas_mhs` varchar(2) NOT NULL,
  `jurusan_mhs` text NOT NULL,
  `hari_1` int(11) NOT NULL,
  `hari_2` int(11) NOT NULL,
  `hari_3` int(11) NOT NULL,
  `hari_4` int(11) NOT NULL,
  `hari_5` int(11) NOT NULL,
  `hari_6` int(11) NOT NULL,
  `hari_7` int(11) NOT NULL,
  `hari_8` int(11) NOT NULL
) ENGINE=InnoDB DEFAULT CHARSET=latin1;

-- --------------------------------------------------------

--
-- Struktur dari tabel `matkul_mobile`
--

CREATE TABLE `matkul_mobile` (
  `nim_mhs` bigint(20) NOT NULL,
  `nama_mhs` text NOT NULL,
  `kelas_mhs` varchar(2) NOT NULL,
  `jurusan_mhs` text NOT NULL,
  `hari_1` int(11) NOT NULL,
  `hari_2` int(11) NOT NULL,
  `hari_3` int(11) NOT NULL,
  `hari_4` int(11) NOT NULL,
  `hari_5` int(11) NOT NULL,
  `hari_6` int(11) NOT NULL,
  `hari_7` int(11) NOT NULL,
  `hari_8` int(11) NOT NULL
) ENGINE=InnoDB DEFAULT CHARSET=latin1;

-- --------------------------------------------------------

--
-- Struktur dari tabel `matkul_web`
--

CREATE TABLE `matkul_web` (
  `no` int(11) NOT NULL,
  `nim_mhs` bigint(20) NOT NULL,
  `nama_mhs` text NOT NULL,
  `kelas_mhs` varchar(2) NOT NULL,
  `jurusan_mhs` text NOT NULL,
  `hari_1` int(11) NOT NULL,
  `hari_2` int(11) NOT NULL,
  `hari_3` int(11) NOT NULL,
  `hari_4` int(11) NOT NULL,
  `hari_5` int(11) NOT NULL,
  `hari_6` int(11) NOT NULL,
  `hari_7` int(11) NOT NULL,
  `hari_8` int(11) NOT NULL
) ENGINE=InnoDB DEFAULT CHARSET=latin1;

-- --------------------------------------------------------

--
-- Struktur dari tabel `profil_asdos`
--

CREATE TABLE `profil_asdos` (
  `no` int(11) NOT NULL,
  `username_asdos` bigint(20) NOT NULL,
  `password_asdos` varchar(100) NOT NULL,
  `nama_asdos` text NOT NULL,
  `jurusan_asdos` text NOT NULL,
  `jabatan_asdos` text NOT NULL
) ENGINE=InnoDB DEFAULT CHARSET=latin1;

--
-- Dumping data untuk tabel `profil_asdos`
--

INSERT INTO `profil_asdos` (`no`, `username_asdos`, `password_asdos`, `nama_asdos`, `jurusan_asdos`, `jabatan_asdos`) VALUES
(1, 1, 'asdos1', 'Kurniawan', 'TI', 'Asisten Dosen Mobile'),
(0, 60200115001, '60200115001', 'asdasdasdad', 'asd', 'asd');

-- --------------------------------------------------------

--
-- Struktur dari tabel `profil_laboran`
--

CREATE TABLE `profil_laboran` (
  `no` int(11) NOT NULL,
  `username_laboran` varchar(100) NOT NULL,
  `password_laboran` varchar(100) NOT NULL,
  `nama_laboran` text NOT NULL,
  `jabatan_laboran` text NOT NULL
) ENGINE=InnoDB DEFAULT CHARSET=latin1;

--
-- Dumping data untuk tabel `profil_laboran`
--

INSERT INTO `profil_laboran` (`no`, `username_laboran`, `password_laboran`, `nama_laboran`, `jabatan_laboran`) VALUES
(1, 'admin1', 'admin1', 'Kak Ushi', 'Kepala Laboran FST');

-- --------------------------------------------------------

--
-- Struktur dari tabel `profil_mahasiswa`
--

CREATE TABLE `profil_mahasiswa` (
  `username_mhs` bigint(20) NOT NULL,
  `password_mhs` varchar(100) NOT NULL,
  `nama_mhs` text NOT NULL,
  `kelas_mhs` varchar(2) NOT NULL,
  `jurusan_mhs` text NOT NULL
) ENGINE=InnoDB DEFAULT CHARSET=latin1;

--
-- Dumping data untuk tabel `profil_mahasiswa`
--

INSERT INTO `profil_mahasiswa` (`username_mhs`, `password_mhs`, `nama_mhs`, `kelas_mhs`, `jurusan_mhs`) VALUES
(60200118001, 'admin1', 'Laksmita Indra Dewi', 'A', 'Teknik Informatika');

-- --------------------------------------------------------

--
-- Struktur dari tabel `profil_operator`
--

CREATE TABLE `profil_operator` (
  `no` int(11) NOT NULL,
  `username_opt` varchar(100) NOT NULL,
  `password_opt` varchar(100) NOT NULL,
  `nama_opt` text NOT NULL,
  `jabatan_opt` varchar(100) NOT NULL
) ENGINE=InnoDB DEFAULT CHARSET=latin1;

--
-- Dumping data untuk tabel `profil_operator`
--

INSERT INTO `profil_operator` (`no`, `username_opt`, `password_opt`, `nama_opt`, `jabatan_opt`) VALUES
(1, 'admin1', 'admin1', 'Kak Uppi', 'Operator Teknik Informatika');

-- --------------------------------------------------------

--
-- Struktur dari tabel `tugas_jawaban`
--

CREATE TABLE `tugas_jawaban` (
  `id_absen` varchar(30) NOT NULL,
  `nim` varchar(30) NOT NULL,
  `jawaban` text NOT NULL
) ENGINE=InnoDB DEFAULT CHARSET=latin1;

--
-- Dumping data untuk tabel `tugas_jawaban`
--

INSERT INTO `tugas_jawaban` (`id_absen`, `nim`, `jawaban`) VALUES
('2019APBO01L40311', '60200118001', '1.asdasd	54asdasd\nasdasdasfsddasda\nasdasassad'),
('2019APBO01L40312', '60200118001', 'sdasdasdasdasdasdasdasd'),
('2019APBO01L40313', '60200118001', 'dasdwfad'),
('2019APBO01L40314', '60200118001', 'sadasdas'),
('2019APBO01L40315', '60200118001', 'dasdasqfw');

-- --------------------------------------------------------

--
-- Struktur dari tabel `tugas_soal`
--

CREATE TABLE `tugas_soal` (
  `id_absen` varchar(30) NOT NULL,
  `soal` text NOT NULL
) ENGINE=InnoDB DEFAULT CHARSET=latin1;

--
-- Dumping data untuk tabel `tugas_soal`
--

INSERT INTO `tugas_soal` (`id_absen`, `soal`) VALUES
('2019APBO01L40308', 'sdfsdfsfsdfsd\nsdf\nsdf\nsdfsdfsd\nfsdfsdfs'),
('2019APBO01L40309', 'sdfsdfsfsdfsd\nsdf\nsdf\nsdfsdfsd\nfsdfsdfs'),
('2019APBO01L40311', '1. asdasd\n2.asdasd\n4.asdasd\n'),
('2019APBO01L40312', 'sdfsdfsfsdfsd\nsdf\nsdf\nsdfsdfsd\nfsdfsdfs'),
('2019APBO01L40313', 'sdfsdfsfsdfsd\nsdf\nsdf\nsdfsdfsd\nfsdfsdfs'),
('2019APBO01L40314', 'sdfsdfsfsdfsd\nsdf\nsdf\nsdfsdfsd\nfsdfsdfs'),
('2019APBO01L40315', 'sdfsdfsfsdfsd\nsdf\nsdf\nsdfsdfsd\nfsdfsdfs');

--
-- Indexes for dumped tables
--

--
-- Indeks untuk tabel `absen`
--
ALTER TABLE `absen`
  ADD PRIMARY KEY (`id_absen`);

--
-- Indeks untuk tabel `absen_mhs`
--
ALTER TABLE `absen_mhs`
  ADD PRIMARY KEY (`nim_mhs`),
  ADD KEY `nim_mhs` (`nim_mhs`);

--
-- Indeks untuk tabel `matkul`
--
ALTER TABLE `matkul`
  ADD PRIMARY KEY (`nim_mhs`);

--
-- Indeks untuk tabel `matkul_jarkom`
--
ALTER TABLE `matkul_jarkom`
  ADD PRIMARY KEY (`nim_mhs`);

--
-- Indeks untuk tabel `matkul_mobile`
--
ALTER TABLE `matkul_mobile`
  ADD PRIMARY KEY (`nim_mhs`);

--
-- Indeks untuk tabel `matkul_web`
--
ALTER TABLE `matkul_web`
  ADD PRIMARY KEY (`nim_mhs`);

--
-- Indeks untuk tabel `profil_asdos`
--
ALTER TABLE `profil_asdos`
  ADD PRIMARY KEY (`username_asdos`);

--
-- Indeks untuk tabel `profil_mahasiswa`
--
ALTER TABLE `profil_mahasiswa`
  ADD PRIMARY KEY (`username_mhs`);

--
-- Indeks untuk tabel `profil_operator`
--
ALTER TABLE `profil_operator`
  ADD PRIMARY KEY (`username_opt`);
COMMIT;

/*!40101 SET CHARACTER_SET_CLIENT=@OLD_CHARACTER_SET_CLIENT */;
/*!40101 SET CHARACTER_SET_RESULTS=@OLD_CHARACTER_SET_RESULTS */;
/*!40101 SET COLLATION_CONNECTION=@OLD_COLLATION_CONNECTION */;
